FirstName,LastName,Title,OrderID
Nancy,Davolio,Sales Representative,10258
Nancy,Davolio,Sales Representative,10270
Nancy,Davolio,Sales Representative,10275
Nancy,Davolio,Sales Representative,10285
Nancy,Davolio,Sales Representative,10292
Nancy,Davolio,Sales Representative,10293
Nancy,Davolio,Sales Representative,10304
Nancy,Davolio,Sales Representative,10306
Nancy,Davolio,Sales Representative,10311
Nancy,Davolio,Sales Representative,10314
Nancy,Davolio,Sales Representative,10316
Nancy,Davolio,Sales Representative,10325
Nancy,Davolio,Sales Representative,10340
Nancy,Davolio,Sales Representative,10351
Nancy,Davolio,Sales Representative,10357
Nancy,Davolio,Sales Representative,10361
Nancy,Davolio,Sales Representative,10364
Nancy,Davolio,Sales Representative,10371
Nancy,Davolio,Sales Representative,10374
Nancy,Davolio,Sales Representative,10376
Nancy,Davolio,Sales Representative,10377
Nancy,Davolio,Sales Representative,10385
Nancy,Davolio,Sales Representative,10387
Nancy,Davolio,Sales Representative,10393
Nancy,Davolio,Sales Representative,10394
Nancy,Davolio,Sales Representative,10396
Nancy,Davolio,Sales Representative,10400
Nancy,Davolio,Sales Representative,10401
Nancy,Davolio,Sales Representative,10405
Nancy,Davolio,Sales Representative,10453
Nancy,Davolio,Sales Representative,10461
Nancy,Davolio,Sales Representative,10465
Nancy,Davolio,Sales Representative,10469
Nancy,Davolio,Sales Representative,10473
Nancy,Davolio,Sales Representative,10482
Nancy,Davolio,Sales Representative,10486
Nancy,Davolio,Sales Representative,10508
Nancy,Davolio,Sales Representative,10524
Nancy,Davolio,Sales Representative,10525
Nancy,Davolio,Sales Representative,10537
Nancy,Davolio,Sales Representative,10542
Nancy,Davolio,Sales Representative,10546
Nancy,Davolio,Sales Representative,10558
Nancy,Davolio,Sales Representative,10562
Nancy,Davolio,Sales Representative,10567
Nancy,Davolio,Sales Representative,10579
Nancy,Davolio,Sales Representative,10587
Nancy,Davolio,Sales Representative,10591
Nancy,Davolio,Sales Representative,10598
Nancy,Davolio,Sales Representative,10604
Nancy,Davolio,Sales Representative,10605
Nancy,Davolio,Sales Representative,10612
Nancy,Davolio,Sales Representative,10616
Nancy,Davolio,Sales Representative,10618
Nancy,Davolio,Sales Representative,10626
Nancy,Davolio,Sales Representative,10630
Nancy,Davolio,Sales Representative,10653
Nancy,Davolio,Sales Representative,10655
Nancy,Davolio,Sales Representative,10664
Nancy,Davolio,Sales Representative,10665
Nancy,Davolio,Sales Representative,10668
Nancy,Davolio,Sales Representative,10671
Nancy,Davolio,Sales Representative,10677
Nancy,Davolio,Sales Representative,10680
Nancy,Davolio,Sales Representative,10689
Nancy,Davolio,Sales Representative,10690
Nancy,Davolio,Sales Representative,10709
Nancy,Davolio,Sales Representative,10710
Nancy,Davolio,Sales Representative,10713
Nancy,Davolio,Sales Representative,10717
Nancy,Davolio,Sales Representative,10718
Nancy,Davolio,Sales Representative,10733
Nancy,Davolio,Sales Representative,10743
Nancy,Davolio,Sales Representative,10746
Nancy,Davolio,Sales Representative,10773
Nancy,Davolio,Sales Representative,10776
Nancy,Davolio,Sales Representative,10785
Nancy,Davolio,Sales Representative,10788
Nancy,Davolio,Sales Representative,10789
Nancy,Davolio,Sales Representative,10792
Nancy,Davolio,Sales Representative,10800
Nancy,Davolio,Sales Representative,10813
Nancy,Davolio,Sales Representative,10821
Nancy,Davolio,Sales Representative,10825
Nancy,Davolio,Sales Representative,10827
Nancy,Davolio,Sales Representative,10834
Nancy,Davolio,Sales Representative,10835
Nancy,Davolio,Sales Representative,10842
Nancy,Davolio,Sales Representative,10850
Nancy,Davolio,Sales Representative,10859
Nancy,Davolio,Sales Representative,10877
Nancy,Davolio,Sales Representative,10886
Nancy,Davolio,Sales Representative,10888
Nancy,Davolio,Sales Representative,10894
Nancy,Davolio,Sales Representative,10900
Nancy,Davolio,Sales Representative,10902
Nancy,Davolio,Sales Representative,10909
Nancy,Davolio,Sales Representative,10910
Nancy,Davolio,Sales Representative,10916
Nancy,Davolio,Sales Representative,10921
Nancy,Davolio,Sales Representative,10928
Nancy,Davolio,Sales Representative,10946
Nancy,Davolio,Sales Representative,10950
Nancy,Davolio,Sales Representative,10952
Nancy,Davolio,Sales Representative,10968
Nancy,Davolio,Sales Representative,10969
Nancy,Davolio,Sales Representative,10975
Nancy,Davolio,Sales Representative,10976
Nancy,Davolio,Sales Representative,10981
Nancy,Davolio,Sales Representative,10984
Nancy,Davolio,Sales Representative,10991
Nancy,Davolio,Sales Representative,10992
Nancy,Davolio,Sales Representative,10995
Nancy,Davolio,Sales Representative,11012
Nancy,Davolio,Sales Representative,11023
Nancy,Davolio,Sales Representative,11027
Nancy,Davolio,Sales Representative,11038
Nancy,Davolio,Sales Representative,11039
Nancy,Davolio,Sales Representative,11064
Nancy,Davolio,Sales Representative,11067
Nancy,Davolio,Sales Representative,11069
Nancy,Davolio,Sales Representative,11071
Nancy,Davolio,Sales Representative,11077
Andrew,Fuller,"Vice President, Sales",10265
Andrew,Fuller,"Vice President, Sales",10277
Andrew,Fuller,"Vice President, Sales",10280
Andrew,Fuller,"Vice President, Sales",10295
Andrew,Fuller,"Vice President, Sales",10300
Andrew,Fuller,"Vice President, Sales",10307
Andrew,Fuller,"Vice President, Sales",10312
Andrew,Fuller,"Vice President, Sales",10313
Andrew,Fuller,"Vice President, Sales",10327
Andrew,Fuller,"Vice President, Sales",10339
Andrew,Fuller,"Vice President, Sales",10345
Andrew,Fuller,"Vice President, Sales",10368
Andrew,Fuller,"Vice President, Sales",10379
Andrew,Fuller,"Vice President, Sales",10388
Andrew,Fuller,"Vice President, Sales",10392
Andrew,Fuller,"Vice President, Sales",10398
Andrew,Fuller,"Vice President, Sales",10404
Andrew,Fuller,"Vice President, Sales",10407
Andrew,Fuller,"Vice President, Sales",10414
Andrew,Fuller,"Vice President, Sales",10422
Andrew,Fuller,"Vice President, Sales",10457
Andrew,Fuller,"Vice President, Sales",10462
Andrew,Fuller,"Vice President, Sales",10471
Andrew,Fuller,"Vice President, Sales",10478
Andrew,Fuller,"Vice President, Sales",10487
Andrew,Fuller,"Vice President, Sales",10502
Andrew,Fuller,"Vice President, Sales",10515
Andrew,Fuller,"Vice President, Sales",10516
Andrew,Fuller,"Vice President, Sales",10541
Andrew,Fuller,"Vice President, Sales",10552
Andrew,Fuller,"Vice President, Sales",10553
Andrew,Fuller,"Vice President, Sales",10556
Andrew,Fuller,"Vice President, Sales",10561
Andrew,Fuller,"Vice President, Sales",10563
Andrew,Fuller,"Vice President, Sales",10583
Andrew,Fuller,"Vice President, Sales",10588
Andrew,Fuller,"Vice President, Sales",10595
Andrew,Fuller,"Vice President, Sales",10615
Andrew,Fuller,"Vice President, Sales",10620
Andrew,Fuller,"Vice President, Sales",10657
Andrew,Fuller,"Vice President, Sales",10663
Andrew,Fuller,"Vice President, Sales",10669
Andrew,Fuller,"Vice President, Sales",10673
Andrew,Fuller,"Vice President, Sales",10676
Andrew,Fuller,"Vice President, Sales",10683
Andrew,Fuller,"Vice President, Sales",10686
Andrew,Fuller,"Vice President, Sales",10691
Andrew,Fuller,"Vice President, Sales",10727
Andrew,Fuller,"Vice President, Sales",10734
Andrew,Fuller,"Vice President, Sales",10737
Andrew,Fuller,"Vice President, Sales",10738
Andrew,Fuller,"Vice President, Sales",10752
Andrew,Fuller,"Vice President, Sales",10780
Andrew,Fuller,"Vice President, Sales",10781
Andrew,Fuller,"Vice President, Sales",10787
Andrew,Fuller,"Vice President, Sales",10798
Andrew,Fuller,"Vice President, Sales",10805
Andrew,Fuller,"Vice President, Sales",10808
Andrew,Fuller,"Vice President, Sales",10810
Andrew,Fuller,"Vice President, Sales",10815
Andrew,Fuller,"Vice President, Sales",10819
Andrew,Fuller,"Vice President, Sales",10832
Andrew,Fuller,"Vice President, Sales",10846
Andrew,Fuller,"Vice President, Sales",10858
Andrew,Fuller,"Vice President, Sales",10865
Andrew,Fuller,"Vice President, Sales",10912
Andrew,Fuller,"Vice President, Sales",10915
Andrew,Fuller,"Vice President, Sales",10919
Andrew,Fuller,"Vice President, Sales",10939
Andrew,Fuller,"Vice President, Sales",10949
Andrew,Fuller,"Vice President, Sales",10967
Andrew,Fuller,"Vice President, Sales",10971
Andrew,Fuller,"Vice President, Sales",10982
Andrew,Fuller,"Vice President, Sales",10983
Andrew,Fuller,"Vice President, Sales",10985
Andrew,Fuller,"Vice President, Sales",10989
Andrew,Fuller,"Vice President, Sales",10990
Andrew,Fuller,"Vice President, Sales",10994
Andrew,Fuller,"Vice President, Sales",11000
Andrew,Fuller,"Vice President, Sales",11001
Andrew,Fuller,"Vice President, Sales",11005
Andrew,Fuller,"Vice President, Sales",11009
Andrew,Fuller,"Vice President, Sales",11010
Andrew,Fuller,"Vice President, Sales",11013
Andrew,Fuller,"Vice President, Sales",11014
Andrew,Fuller,"Vice President, Sales",11015
Andrew,Fuller,"Vice President, Sales",11020
Andrew,Fuller,"Vice President, Sales",11028
Andrew,Fuller,"Vice President, Sales",11032
Andrew,Fuller,"Vice President, Sales",11035
Andrew,Fuller,"Vice President, Sales",11042
Andrew,Fuller,"Vice President, Sales",11053
Andrew,Fuller,"Vice President, Sales",11059
Andrew,Fuller,"Vice President, Sales",11060
Andrew,Fuller,"Vice President, Sales",11070
Andrew,Fuller,"Vice President, Sales",11073
Janet,Leverling,Sales Representative,10251
Janet,Leverling,Sales Representative,10253
Janet,Leverling,Sales Representative,10256
Janet,Leverling,Sales Representative,10266
Janet,Leverling,Sales Representative,10273
Janet,Leverling,Sales Representative,10283
Janet,Leverling,Sales Representative,10309
Janet,Leverling,Sales Representative,10321
Janet,Leverling,Sales Representative,10330
Janet,Leverling,Sales Representative,10332
Janet,Leverling,Sales Representative,10346
Janet,Leverling,Sales Representative,10352
Janet,Leverling,Sales Representative,10362
Janet,Leverling,Sales Representative,10365
Janet,Leverling,Sales Representative,10375
Janet,Leverling,Sales Representative,10381
Janet,Leverling,Sales Representative,10384
Janet,Leverling,Sales Representative,10391
Janet,Leverling,Sales Representative,10409
Janet,Leverling,Sales Representative,10410
Janet,Leverling,Sales Representative,10413
Janet,Leverling,Sales Representative,10415
Janet,Leverling,Sales Representative,10420
Janet,Leverling,Sales Representative,10429
Janet,Leverling,Sales Representative,10432
Janet,Leverling,Sales Representative,10433
Janet,Leverling,Sales Representative,10434
Janet,Leverling,Sales Representative,10436
Janet,Leverling,Sales Representative,10438
Janet,Leverling,Sales Representative,10441
Janet,Leverling,Sales Representative,10442
Janet,Leverling,Sales Representative,10444
Janet,Leverling,Sales Representative,10445
Janet,Leverling,Sales Representative,10449
Janet,Leverling,Sales Representative,10468
Janet,Leverling,Sales Representative,10479
Janet,Leverling,Sales Representative,10484
Janet,Leverling,Sales Representative,10492
Janet,Leverling,Sales Representative,10495
Janet,Leverling,Sales Representative,10505
Janet,Leverling,Sales Representative,10514
Janet,Leverling,Sales Representative,10517
Janet,Leverling,Sales Representative,10530
Janet,Leverling,Sales Representative,10536
Janet,Leverling,Sales Representative,10540
Janet,Leverling,Sales Representative,10547
Janet,Leverling,Sales Representative,10548
Janet,Leverling,Sales Representative,10568
Janet,Leverling,Sales Representative,10570
Janet,Leverling,Sales Representative,10572
Janet,Leverling,Sales Representative,10576
Janet,Leverling,Sales Representative,10581
Janet,Leverling,Sales Representative,10582
Janet,Leverling,Sales Representative,10592
Janet,Leverling,Sales Representative,10594
Janet,Leverling,Sales Representative,10619
Janet,Leverling,Sales Representative,10625
Janet,Leverling,Sales Representative,10638
Janet,Leverling,Sales Representative,10644
Janet,Leverling,Sales Representative,10662
Janet,Leverling,Sales Representative,10681
Janet,Leverling,Sales Representative,10682
Janet,Leverling,Sales Representative,10684
Janet,Leverling,Sales Representative,10693
Janet,Leverling,Sales Representative,10697
Janet,Leverling,Sales Representative,10699
Janet,Leverling,Sales Representative,10700
Janet,Leverling,Sales Representative,10712
Janet,Leverling,Sales Representative,10715
Janet,Leverling,Sales Representative,10723
Janet,Leverling,Sales Representative,10732
Janet,Leverling,Sales Representative,10739
Janet,Leverling,Sales Representative,10742
Janet,Leverling,Sales Representative,10748
Janet,Leverling,Sales Representative,10751
Janet,Leverling,Sales Representative,10753
Janet,Leverling,Sales Representative,10758
Janet,Leverling,Sales Representative,10759
Janet,Leverling,Sales Representative,10762
Janet,Leverling,Sales Representative,10763
Janet,Leverling,Sales Representative,10765
Janet,Leverling,Sales Representative,10768
Janet,Leverling,Sales Representative,10769
Janet,Leverling,Sales Representative,10772
Janet,Leverling,Sales Representative,10778
Janet,Leverling,Sales Representative,10779
Janet,Leverling,Sales Representative,10793
Janet,Leverling,Sales Representative,10796
Janet,Leverling,Sales Representative,10806
Janet,Leverling,Sales Representative,10814
Janet,Leverling,Sales Representative,10817
Janet,Leverling,Sales Representative,10820
Janet,Leverling,Sales Representative,10831
Janet,Leverling,Sales Representative,10838
Janet,Leverling,Sales Representative,10839
Janet,Leverling,Sales Representative,10854
Janet,Leverling,Sales Representative,10855
Janet,Leverling,Sales Representative,10856
Janet,Leverling,Sales Representative,10860
Janet,Leverling,Sales Representative,10879
Janet,Leverling,Sales Representative,10895
Janet,Leverling,Sales Representative,10897
Janet,Leverling,Sales Representative,10903
Janet,Leverling,Sales Representative,10904
Janet,Leverling,Sales Representative,10911
Janet,Leverling,Sales Representative,10918
Janet,Leverling,Sales Representative,10924
Janet,Leverling,Sales Representative,10925
Janet,Leverling,Sales Representative,10934
Janet,Leverling,Sales Representative,10936
Janet,Leverling,Sales Representative,10938
Janet,Leverling,Sales Representative,10947
Janet,Leverling,Sales Representative,10948
Janet,Leverling,Sales Representative,10960
Janet,Leverling,Sales Representative,10964
Janet,Leverling,Sales Representative,10974
Janet,Leverling,Sales Representative,10988
Janet,Leverling,Sales Representative,11003
Janet,Leverling,Sales Representative,11004
Janet,Leverling,Sales Representative,11006
Janet,Leverling,Sales Representative,11011
Janet,Leverling,Sales Representative,11021
Janet,Leverling,Sales Representative,11041
Janet,Leverling,Sales Representative,11049
Janet,Leverling,Sales Representative,11052
Janet,Leverling,Sales Representative,11057
Janet,Leverling,Sales Representative,11063
Margaret,Peacock,Sales Representative,10250
Margaret,Peacock,Sales Representative,10252
Margaret,Peacock,Sales Representative,10257
Margaret,Peacock,Sales Representative,10259
Margaret,Peacock,Sales Representative,10260
Margaret,Peacock,Sales Representative,10261
Margaret,Peacock,Sales Representative,10267
Margaret,Peacock,Sales Representative,10281
Margaret,Peacock,Sales Representative,10282
Margaret,Peacock,Sales Representative,10284
Margaret,Peacock,Sales Representative,10288
Margaret,Peacock,Sales Representative,10294
Margaret,Peacock,Sales Representative,10299
Margaret,Peacock,Sales Representative,10302
Margaret,Peacock,Sales Representative,10315
Margaret,Peacock,Sales Representative,10323
Margaret,Peacock,Sales Representative,10326
Margaret,Peacock,Sales Representative,10328
Margaret,Peacock,Sales Representative,10329
Margaret,Peacock,Sales Representative,10337
Margaret,Peacock,Sales Representative,10338
Margaret,Peacock,Sales Representative,10342
Margaret,Peacock,Sales Representative,10343
Margaret,Peacock,Sales Representative,10344
Margaret,Peacock,Sales Representative,10347
Margaret,Peacock,Sales Representative,10348
Margaret,Peacock,Sales Representative,10360
Margaret,Peacock,Sales Representative,10363
Margaret,Peacock,Sales Representative,10373
Margaret,Peacock,Sales Representative,10382
Margaret,Peacock,Sales Representative,10389
Margaret,Peacock,Sales Representative,10403
Margaret,Peacock,Sales Representative,10417
Margaret,Peacock,Sales Representative,10418
Margaret,Peacock,Sales Representative,10419
Margaret,Peacock,Sales Representative,10426
Margaret,Peacock,Sales Representative,10427
Margaret,Peacock,Sales Representative,10430
Margaret,Peacock,Sales Representative,10431
Margaret,Peacock,Sales Representative,10440
Margaret,Peacock,Sales Representative,10447
Margaret,Peacock,Sales Representative,10448
Margaret,Peacock,Sales Representative,10451
Margaret,Peacock,Sales Representative,10454
Margaret,Peacock,Sales Representative,10459
Margaret,Peacock,Sales Representative,10464
Margaret,Peacock,Sales Representative,10466
Margaret,Peacock,Sales Representative,10470
Margaret,Peacock,Sales Representative,10485
Margaret,Peacock,Sales Representative,10493
Margaret,Peacock,Sales Representative,10494
Margaret,Peacock,Sales Representative,10499
Margaret,Peacock,Sales Representative,10504
Margaret,Peacock,Sales Representative,10509
Margaret,Peacock,Sales Representative,10511
Margaret,Peacock,Sales Representative,10518
Margaret,Peacock,Sales Representative,10522
Margaret,Peacock,Sales Representative,10526
Margaret,Peacock,Sales Representative,10535
Margaret,Peacock,Sales Representative,10544
Margaret,Peacock,Sales Representative,10551
Margaret,Peacock,Sales Representative,10554
Margaret,Peacock,Sales Representative,10564
Margaret,Peacock,Sales Representative,10574
Margaret,Peacock,Sales Representative,10578
Margaret,Peacock,Sales Representative,10580
Margaret,Peacock,Sales Representative,10584
Margaret,Peacock,Sales Representative,10590
Margaret,Peacock,Sales Representative,10600
Margaret,Peacock,Sales Representative,10606
Margaret,Peacock,Sales Representative,10608
Margaret,Peacock,Sales Representative,10613
Margaret,Peacock,Sales Representative,10617
Margaret,Peacock,Sales Representative,10621
Margaret,Peacock,Sales Representative,10622
Margaret,Peacock,Sales Representative,10624
Margaret,Peacock,Sales Representative,10628
Margaret,Peacock,Sales Representative,10629
Margaret,Peacock,Sales Representative,10634
Margaret,Peacock,Sales Representative,10636
Margaret,Peacock,Sales Representative,10640
Margaret,Peacock,Sales Representative,10641
Margaret,Peacock,Sales Representative,10645
Margaret,Peacock,Sales Representative,10647
Margaret,Peacock,Sales Representative,10652
Margaret,Peacock,Sales Representative,10658
Margaret,Peacock,Sales Representative,10670
Margaret,Peacock,Sales Representative,10674
Margaret,Peacock,Sales Representative,10685
Margaret,Peacock,Sales Representative,10688
Margaret,Peacock,Sales Representative,10692
Margaret,Peacock,Sales Representative,10698
Margaret,Peacock,Sales Representative,10702
Margaret,Peacock,Sales Representative,10707
Margaret,Peacock,Sales Representative,10716
Margaret,Peacock,Sales Representative,10725
Margaret,Peacock,Sales Representative,10726
Margaret,Peacock,Sales Representative,10728
Margaret,Peacock,Sales Representative,10740
Margaret,Peacock,Sales Representative,10741
Margaret,Peacock,Sales Representative,10749
Margaret,Peacock,Sales Representative,10755
Margaret,Peacock,Sales Representative,10760
Margaret,Peacock,Sales Representative,10766
Margaret,Peacock,Sales Representative,10767
Margaret,Peacock,Sales Representative,10774
Margaret,Peacock,Sales Representative,10783
Margaret,Peacock,Sales Representative,10784
Margaret,Peacock,Sales Representative,10801
Margaret,Peacock,Sales Representative,10802
Margaret,Peacock,Sales Representative,10803
Margaret,Peacock,Sales Representative,10807
Margaret,Peacock,Sales Representative,10816
Margaret,Peacock,Sales Representative,10830
Margaret,Peacock,Sales Representative,10840
Margaret,Peacock,Sales Representative,10843
Margaret,Peacock,Sales Representative,10847
Margaret,Peacock,Sales Representative,10861
Margaret,Peacock,Sales Representative,10863
Margaret,Peacock,Sales Representative,10864
Margaret,Peacock,Sales Representative,10873
Margaret,Peacock,Sales Representative,10875
Margaret,Peacock,Sales Representative,10878
Margaret,Peacock,Sales Representative,10881
Margaret,Peacock,Sales Representative,10882
Margaret,Peacock,Sales Representative,10884
Margaret,Peacock,Sales Representative,10892
Margaret,Peacock,Sales Representative,10898
Margaret,Peacock,Sales Representative,10901
Margaret,Peacock,Sales Representative,10906
Margaret,Peacock,Sales Representative,10908
Margaret,Peacock,Sales Representative,10913
Margaret,Peacock,Sales Representative,10917
Margaret,Peacock,Sales Representative,10920
Margaret,Peacock,Sales Representative,10926
Margaret,Peacock,Sales Representative,10927
Margaret,Peacock,Sales Representative,10930
Margaret,Peacock,Sales Representative,10931
Margaret,Peacock,Sales Representative,10935
Margaret,Peacock,Sales Representative,10943
Margaret,Peacock,Sales Representative,10945
Margaret,Peacock,Sales Representative,10966
Margaret,Peacock,Sales Representative,10972
Margaret,Peacock,Sales Representative,10980
Margaret,Peacock,Sales Representative,10996
Margaret,Peacock,Sales Representative,11002
Margaret,Peacock,Sales Representative,11018
Margaret,Peacock,Sales Representative,11024
Margaret,Peacock,Sales Representative,11026
Margaret,Peacock,Sales Representative,11029
Margaret,Peacock,Sales Representative,11040
Margaret,Peacock,Sales Representative,11044
Margaret,Peacock,Sales Representative,11061
Margaret,Peacock,Sales Representative,11062
Margaret,Peacock,Sales Representative,11072
Margaret,Peacock,Sales Representative,11076
Steven,Buchanan,Sales Manager,10248
Steven,Buchanan,Sales Manager,10254
Steven,Buchanan,Sales Manager,10269
Steven,Buchanan,Sales Manager,10297
Steven,Buchanan,Sales Manager,10320
Steven,Buchanan,Sales Manager,10333
Steven,Buchanan,Sales Manager,10358
Steven,Buchanan,Sales Manager,10359
Steven,Buchanan,Sales Manager,10372
Steven,Buchanan,Sales Manager,10378
Steven,Buchanan,Sales Manager,10397
Steven,Buchanan,Sales Manager,10463
Steven,Buchanan,Sales Manager,10474
Steven,Buchanan,Sales Manager,10477
Steven,Buchanan,Sales Manager,10529
Steven,Buchanan,Sales Manager,10549
Steven,Buchanan,Sales Manager,10569
Steven,Buchanan,Sales Manager,10575
Steven,Buchanan,Sales Manager,10607
Steven,Buchanan,Sales Manager,10648
Steven,Buchanan,Sales Manager,10649
Steven,Buchanan,Sales Manager,10650
Steven,Buchanan,Sales Manager,10654
Steven,Buchanan,Sales Manager,10675
Steven,Buchanan,Sales Manager,10711
Steven,Buchanan,Sales Manager,10714
Steven,Buchanan,Sales Manager,10721
Steven,Buchanan,Sales Manager,10730
Steven,Buchanan,Sales Manager,10761
Steven,Buchanan,Sales Manager,10812
Steven,Buchanan,Sales Manager,10823
Steven,Buchanan,Sales Manager,10841
Steven,Buchanan,Sales Manager,10851
Steven,Buchanan,Sales Manager,10866
Steven,Buchanan,Sales Manager,10869
Steven,Buchanan,Sales Manager,10870
Steven,Buchanan,Sales Manager,10872
Steven,Buchanan,Sales Manager,10874
Steven,Buchanan,Sales Manager,10899
Steven,Buchanan,Sales Manager,10922
Steven,Buchanan,Sales Manager,10954
Steven,Buchanan,Sales Manager,11043
Michael,Suyama,Sales Representative,10249
Michael,Suyama,Sales Representative,10264
Michael,Suyama,Sales Representative,10271
Michael,Suyama,Sales Representative,10272
Michael,Suyama,Sales Representative,10274
Michael,Suyama,Sales Representative,10291
Michael,Suyama,Sales Representative,10296
Michael,Suyama,Sales Representative,10298
Michael,Suyama,Sales Representative,10317
Michael,Suyama,Sales Representative,10350
Michael,Suyama,Sales Representative,10355
Michael,Suyama,Sales Representative,10356
Michael,Suyama,Sales Representative,10370
Michael,Suyama,Sales Representative,10390
Michael,Suyama,Sales Representative,10395
Michael,Suyama,Sales Representative,10423
Michael,Suyama,Sales Representative,10425
Michael,Suyama,Sales Representative,10439
Michael,Suyama,Sales Representative,10446
Michael,Suyama,Sales Representative,10480
Michael,Suyama,Sales Representative,10489
Michael,Suyama,Sales Representative,10500
Michael,Suyama,Sales Representative,10503
Michael,Suyama,Sales Representative,10510
Michael,Suyama,Sales Representative,10519
Michael,Suyama,Sales Representative,10528
Michael,Suyama,Sales Representative,10539
Michael,Suyama,Sales Representative,10555
Michael,Suyama,Sales Representative,10559
Michael,Suyama,Sales Representative,10599
Michael,Suyama,Sales Representative,10611
Michael,Suyama,Sales Representative,10637
Michael,Suyama,Sales Representative,10643
Michael,Suyama,Sales Representative,10656
Michael,Suyama,Sales Representative,10701
Michael,Suyama,Sales Representative,10703
Michael,Suyama,Sales Representative,10704
Michael,Suyama,Sales Representative,10708
Michael,Suyama,Sales Representative,10735
Michael,Suyama,Sales Representative,10744
Michael,Suyama,Sales Representative,10747
Michael,Suyama,Sales Representative,10754
Michael,Suyama,Sales Representative,10757
Michael,Suyama,Sales Representative,10764
Michael,Suyama,Sales Representative,10790
Michael,Suyama,Sales Representative,10791
Michael,Suyama,Sales Representative,10794
Michael,Suyama,Sales Representative,10804
Michael,Suyama,Sales Representative,10822
Michael,Suyama,Sales Representative,10826
Michael,Suyama,Sales Representative,10833
Michael,Suyama,Sales Representative,10867
Michael,Suyama,Sales Representative,10885
Michael,Suyama,Sales Representative,10907
Michael,Suyama,Sales Representative,10914
Michael,Suyama,Sales Representative,10929
Michael,Suyama,Sales Representative,10933
Michael,Suyama,Sales Representative,10944
Michael,Suyama,Sales Representative,10956
Michael,Suyama,Sales Representative,10959
Michael,Suyama,Sales Representative,10965
Michael,Suyama,Sales Representative,10973
Michael,Suyama,Sales Representative,10999
Michael,Suyama,Sales Representative,11019
Michael,Suyama,Sales Representative,11025
Michael,Suyama,Sales Representative,11031
Michael,Suyama,Sales Representative,11045
Robert,King,Sales Representative,10289
Robert,King,Sales Representative,10303
Robert,King,Sales Representative,10308
Robert,King,Sales Representative,10319
Robert,King,Sales Representative,10322
Robert,King,Sales Representative,10335
Robert,King,Sales Representative,10336
Robert,King,Sales Representative,10341
Robert,King,Sales Representative,10349
Robert,King,Sales Representative,10353
Robert,King,Sales Representative,10367
Robert,King,Sales Representative,10406
Robert,King,Sales Representative,10424
Robert,King,Sales Representative,10428
Robert,King,Sales Representative,10458
Robert,King,Sales Representative,10483
Robert,King,Sales Representative,10490
Robert,King,Sales Representative,10496
Robert,King,Sales Representative,10497
Robert,King,Sales Representative,10507
Robert,King,Sales Representative,10512
Robert,King,Sales Representative,10513
Robert,King,Sales Representative,10520
Robert,King,Sales Representative,10523
Robert,King,Sales Representative,10527
Robert,King,Sales Representative,10531
Robert,King,Sales Representative,10532
Robert,King,Sales Representative,10550
Robert,King,Sales Representative,10573
Robert,King,Sales Representative,10585
Robert,King,Sales Representative,10593
Robert,King,Sales Representative,10597
Robert,King,Sales Representative,10601
Robert,King,Sales Representative,10609
Robert,King,Sales Representative,10633
Robert,King,Sales Representative,10639
Robert,King,Sales Representative,10642
Robert,King,Sales Representative,10659
Robert,King,Sales Representative,10661
Robert,King,Sales Representative,10666
Robert,King,Sales Representative,10667
Robert,King,Sales Representative,10678
Robert,King,Sales Representative,10695
Robert,King,Sales Representative,10731
Robert,King,Sales Representative,10775
Robert,King,Sales Representative,10777
Robert,King,Sales Representative,10797
Robert,King,Sales Representative,10809
Robert,King,Sales Representative,10818
Robert,King,Sales Representative,10836
Robert,King,Sales Representative,10848
Robert,King,Sales Representative,10868
Robert,King,Sales Representative,10876
Robert,King,Sales Representative,10880
Robert,King,Sales Representative,10890
Robert,King,Sales Representative,10891
Robert,King,Sales Representative,10896
Robert,King,Sales Representative,10923
Robert,King,Sales Representative,10937
Robert,King,Sales Representative,10941
Robert,King,Sales Representative,10958
Robert,King,Sales Representative,10993
Robert,King,Sales Representative,11008
Robert,King,Sales Representative,11030
Robert,King,Sales Representative,11033
Robert,King,Sales Representative,11037
Robert,King,Sales Representative,11047
Robert,King,Sales Representative,11048
Robert,King,Sales Representative,11051
Robert,King,Sales Representative,11055
Robert,King,Sales Representative,11066
Robert,King,Sales Representative,11074
Laura,Callahan,Inside Sales Coordinator,10262
Laura,Callahan,Inside Sales Coordinator,10268
Laura,Callahan,Inside Sales Coordinator,10276
Laura,Callahan,Inside Sales Coordinator,10278
Laura,Callahan,Inside Sales Coordinator,10279
Laura,Callahan,Inside Sales Coordinator,10286
Laura,Callahan,Inside Sales Coordinator,10287
Laura,Callahan,Inside Sales Coordinator,10290
Laura,Callahan,Inside Sales Coordinator,10301
Laura,Callahan,Inside Sales Coordinator,10305
Laura,Callahan,Inside Sales Coordinator,10310
Laura,Callahan,Inside Sales Coordinator,10318
Laura,Callahan,Inside Sales Coordinator,10334
Laura,Callahan,Inside Sales Coordinator,10354
Laura,Callahan,Inside Sales Coordinator,10366
Laura,Callahan,Inside Sales Coordinator,10369
Laura,Callahan,Inside Sales Coordinator,10380
Laura,Callahan,Inside Sales Coordinator,10383
Laura,Callahan,Inside Sales Coordinator,10399
Laura,Callahan,Inside Sales Coordinator,10402
Laura,Callahan,Inside Sales Coordinator,10408
Laura,Callahan,Inside Sales Coordinator,10412
Laura,Callahan,Inside Sales Coordinator,10416
Laura,Callahan,Inside Sales Coordinator,10421
Laura,Callahan,Inside Sales Coordinator,10435
Laura,Callahan,Inside Sales Coordinator,10437
Laura,Callahan,Inside Sales Coordinator,10443
Laura,Callahan,Inside Sales Coordinator,10450
Laura,Callahan,Inside Sales Coordinator,10452
Laura,Callahan,Inside Sales Coordinator,10455
Laura,Callahan,Inside Sales Coordinator,10456
Laura,Callahan,Inside Sales Coordinator,10460
Laura,Callahan,Inside Sales Coordinator,10467
Laura,Callahan,Inside Sales Coordinator,10472
Laura,Callahan,Inside Sales Coordinator,10476
Laura,Callahan,Inside Sales Coordinator,10481
Laura,Callahan,Inside Sales Coordinator,10488
Laura,Callahan,Inside Sales Coordinator,10491
Laura,Callahan,Inside Sales Coordinator,10498
Laura,Callahan,Inside Sales Coordinator,10521
Laura,Callahan,Inside Sales Coordinator,10533
Laura,Callahan,Inside Sales Coordinator,10534
Laura,Callahan,Inside Sales Coordinator,10543
Laura,Callahan,Inside Sales Coordinator,10545
Laura,Callahan,Inside Sales Coordinator,10560
Laura,Callahan,Inside Sales Coordinator,10565
Laura,Callahan,Inside Sales Coordinator,10571
Laura,Callahan,Inside Sales Coordinator,10589
Laura,Callahan,Inside Sales Coordinator,10596
Laura,Callahan,Inside Sales Coordinator,10602
Laura,Callahan,Inside Sales Coordinator,10603
Laura,Callahan,Inside Sales Coordinator,10610
Laura,Callahan,Inside Sales Coordinator,10614
Laura,Callahan,Inside Sales Coordinator,10623
Laura,Callahan,Inside Sales Coordinator,10627
Laura,Callahan,Inside Sales Coordinator,10631
Laura,Callahan,Inside Sales Coordinator,10632
Laura,Callahan,Inside Sales Coordinator,10635
Laura,Callahan,Inside Sales Coordinator,10651
Laura,Callahan,Inside Sales Coordinator,10660
Laura,Callahan,Inside Sales Coordinator,10679
Laura,Callahan,Inside Sales Coordinator,10694
Laura,Callahan,Inside Sales Coordinator,10696
Laura,Callahan,Inside Sales Coordinator,10706
Laura,Callahan,Inside Sales Coordinator,10719
Laura,Callahan,Inside Sales Coordinator,10720
Laura,Callahan,Inside Sales Coordinator,10722
Laura,Callahan,Inside Sales Coordinator,10724
Laura,Callahan,Inside Sales Coordinator,10729
Laura,Callahan,Inside Sales Coordinator,10756
Laura,Callahan,Inside Sales Coordinator,10770
Laura,Callahan,Inside Sales Coordinator,10786
Laura,Callahan,Inside Sales Coordinator,10795
Laura,Callahan,Inside Sales Coordinator,10811
Laura,Callahan,Inside Sales Coordinator,10824
Laura,Callahan,Inside Sales Coordinator,10844
Laura,Callahan,Inside Sales Coordinator,10845
Laura,Callahan,Inside Sales Coordinator,10852
Laura,Callahan,Inside Sales Coordinator,10857
Laura,Callahan,Inside Sales Coordinator,10862
Laura,Callahan,Inside Sales Coordinator,10883
Laura,Callahan,Inside Sales Coordinator,10887
Laura,Callahan,Inside Sales Coordinator,10932
Laura,Callahan,Inside Sales Coordinator,10940
Laura,Callahan,Inside Sales Coordinator,10955
Laura,Callahan,Inside Sales Coordinator,10957
Laura,Callahan,Inside Sales Coordinator,10961
Laura,Callahan,Inside Sales Coordinator,10962
Laura,Callahan,Inside Sales Coordinator,10977
Laura,Callahan,Inside Sales Coordinator,10979
Laura,Callahan,Inside Sales Coordinator,10986
Laura,Callahan,Inside Sales Coordinator,10987
Laura,Callahan,Inside Sales Coordinator,10997
Laura,Callahan,Inside Sales Coordinator,10998
Laura,Callahan,Inside Sales Coordinator,11007
Laura,Callahan,Inside Sales Coordinator,11034
Laura,Callahan,Inside Sales Coordinator,11036
Laura,Callahan,Inside Sales Coordinator,11046
Laura,Callahan,Inside Sales Coordinator,11050
Laura,Callahan,Inside Sales Coordinator,11054
Laura,Callahan,Inside Sales Coordinator,11056
Laura,Callahan,Inside Sales Coordinator,11065
Laura,Callahan,Inside Sales Coordinator,11068
Laura,Callahan,Inside Sales Coordinator,11075
Anne,Dodsworth,Sales Representative,10255
Anne,Dodsworth,Sales Representative,10263
Anne,Dodsworth,Sales Representative,10324
Anne,Dodsworth,Sales Representative,10331
Anne,Dodsworth,Sales Representative,10386
Anne,Dodsworth,Sales Representative,10411
Anne,Dodsworth,Sales Representative,10475
Anne,Dodsworth,Sales Representative,10501
Anne,Dodsworth,Sales Representative,10506
Anne,Dodsworth,Sales Representative,10538
Anne,Dodsworth,Sales Representative,10557
Anne,Dodsworth,Sales Representative,10566
Anne,Dodsworth,Sales Representative,10577
Anne,Dodsworth,Sales Representative,10586
Anne,Dodsworth,Sales Representative,10646
Anne,Dodsworth,Sales Representative,10672
Anne,Dodsworth,Sales Representative,10687
Anne,Dodsworth,Sales Representative,10705
Anne,Dodsworth,Sales Representative,10736
Anne,Dodsworth,Sales Representative,10745
Anne,Dodsworth,Sales Representative,10750
Anne,Dodsworth,Sales Representative,10771
Anne,Dodsworth,Sales Representative,10782
Anne,Dodsworth,Sales Representative,10799
Anne,Dodsworth,Sales Representative,10828
Anne,Dodsworth,Sales Representative,10829
Anne,Dodsworth,Sales Representative,10837
Anne,Dodsworth,Sales Representative,10849
Anne,Dodsworth,Sales Representative,10853
Anne,Dodsworth,Sales Representative,10871
Anne,Dodsworth,Sales Representative,10889
Anne,Dodsworth,Sales Representative,10893
Anne,Dodsworth,Sales Representative,10905
Anne,Dodsworth,Sales Representative,10942
Anne,Dodsworth,Sales Representative,10951
Anne,Dodsworth,Sales Representative,10953
Anne,Dodsworth,Sales Representative,10963
Anne,Dodsworth,Sales Representative,10970
Anne,Dodsworth,Sales Representative,10978
Anne,Dodsworth,Sales Representative,11016
Anne,Dodsworth,Sales Representative,11017
Anne,Dodsworth,Sales Representative,11022
Anne,Dodsworth,Sales Representative,11058
