CompanyName ,ShipCity
Federal Shipping,Reims
Speedy Express,Münster
United Package,Rio de Janeiro
Speedy Express,Lyon
United Package,Charleroi
United Package,Rio de Janeiro
United Package,Bern
Federal Shipping,Genève
United Package,Resende
Federal Shipping,San Cristóbal
Speedy Express,Graz
Federal Shipping,México D.F.
Speedy Express,Köln
United Package,Rio de Janeiro
Federal Shipping,Albuquerque
Federal Shipping,Graz
Federal Shipping,Bräcke
Speedy Express,Strasbourg
Federal Shipping,Oulu
Speedy Express,München
Federal Shipping,Caracas
Speedy Express,Seattle
Speedy Express,Oulu
United Package,Lander
United Package,Albuquerque
Federal Shipping,Cunewalde
Speedy Express,Reims
Speedy Express,Bergamo
Federal Shipping,México D.F.
Federal Shipping,Leipzig
United Package,Luleå
United Package,Frankfurt a.M.
Speedy Express,Luleå
Speedy Express,Madrid
Speedy Express,Madrid
Federal Shipping,Barquisimeto
Speedy Express,Frankfurt a.M.
United Package,Cunewalde
Federal Shipping,Cunewalde
Federal Shipping,Rio de Janeiro
Speedy Express,Reggio Emilia
Federal Shipping,London
Speedy Express,Sao Paulo
United Package,Rio de Janeiro
United Package,Sao Paulo
Federal Shipping,México D.F.
United Package,Albuquerque
United Package,Reims
Speedy Express,Barquisimeto
United Package,Strasbourg
United Package,Cork
United Package,Rio de Janeiro
United Package,Bergamo
United Package,Stuttgart
United Package,Charleroi
United Package,Sevilla
United Package,México D.F.
Federal Shipping,Anchorage
Federal Shipping,Madrid
United Package,Portland
Federal Shipping,México D.F.
Speedy Express,Cork
United Package,Portland
Federal Shipping,Nantes
United Package,Stuttgart
United Package,Cunewalde
United Package,Albuquerque
United Package,Cowes
Federal Shipping,Albuquerque
Speedy Express,Portland
United Package,Cowes
Federal Shipping,México D.F.
Federal Shipping,Oulu
United Package,Cowes
Federal Shipping,México D.F.
Speedy Express,Brandenburg
Speedy Express,Boise
Federal Shipping,Brandenburg
United Package,Madrid
Speedy Express,Bräcke
Federal Shipping,Lisboa
United Package,Lander
Speedy Express,Barquisimeto
Speedy Express,Marseille
United Package,Montréal
Federal Shipping,Oulu
United Package,Lyon
United Package,Cork
United Package,Lisboa
Federal Shipping,München
Federal Shipping,Anchorage
United Package,Montréal
Federal Shipping,Marseille
Federal Shipping,Kobenhavn
United Package,München
Speedy Express,Frankfurt a.M.
United Package,Seattle
United Package,Cunewalde
Federal Shipping,Albuquerque
Federal Shipping,Sao Paulo
United Package,Stuttgart
Speedy Express,Lander
United Package,Toulouse
Speedy Express,Graz
Federal Shipping,Lisboa
Federal Shipping,Salzburg
Federal Shipping,México D.F.
Speedy Express,Colchester
United Package,Stuttgart
Federal Shipping,Barquisimeto
Speedy Express,Toulouse
Federal Shipping,London
Federal Shipping,Strasbourg
United Package,Cunewalde
Speedy Express,Marseille
Federal Shipping,Aachen
Speedy Express,London
United Package,México D.F.
United Package,Barcelona
Federal Shipping,Århus
United Package,Graz
United Package,Lander
United Package,Bern
Speedy Express,Toulouse
United Package,Sao Paulo
Federal Shipping,Cork
Federal Shipping,Warszawa
United Package,Elgin
United Package,Montréal
Federal Shipping,London
Federal Shipping,Bräcke
Speedy Express,Rio de Janeiro
Federal Shipping,Cork
Federal Shipping,Barquisimeto
Speedy Express,Graz
Federal Shipping,Colchester
Federal Shipping,Luleå
United Package,Lander
Federal Shipping,Sao Paulo
United Package,Stavern
Speedy Express,London
United Package,Tsawassen
Speedy Express,Graz
Federal Shipping,Aachen
Federal Shipping,Salzburg
Federal Shipping,Boise
Federal Shipping,Elgin
Speedy Express,San Cristóbal
Federal Shipping,München
Speedy Express,Lisboa
Federal Shipping,Boise
Federal Shipping,Århus
Federal Shipping,London
Speedy Express,Albuquerque
United Package,Graz
Federal Shipping,Graz
Speedy Express,Bergamo
Speedy Express,I. de Margarita
Speedy Express,Sao Paulo
United Package,Köln
Speedy Express,Lille
Speedy Express,Buenos Aires
Federal Shipping,Tsawassen
Federal Shipping,Tsawassen
United Package,Oulu
United Package,Toulouse
Federal Shipping,Sao Paulo
Speedy Express,Elgin
Federal Shipping,Oulu
Federal Shipping,Kobenhavn
Speedy Express,Cunewalde
United Package,Genève
Speedy Express,Resende
Speedy Express,Rio de Janeiro
Speedy Express,Torino
Federal Shipping,Campinas
United Package,Montréal
United Package,Toulouse
Speedy Express,Barcelona
United Package,Salzburg
Speedy Express,Reggio Emilia
United Package,Cork
Speedy Express,Graz
United Package,Tsawassen
United Package,Lander
Federal Shipping,Lisboa
United Package,Bräcke
United Package,London
United Package,Strasbourg
Speedy Express,Oulu
United Package,Münster
Federal Shipping,Montréal
United Package,Boise
United Package,Anchorage
United Package,Graz
Speedy Express,Reggio Emilia
Federal Shipping,Luleå
Speedy Express,Luleå
Speedy Express,Münster
United Package,Rio de Janeiro
United Package,Buenos Aires
United Package,Strasbourg
United Package,Lyon
Federal Shipping,Cunewalde
Speedy Express,Boise
United Package,Colchester
Federal Shipping,Toulouse
United Package,Oulu
United Package,Brandenburg
Speedy Express,Brandenburg
Federal Shipping,Charleroi
United Package,Lyon
Speedy Express,Bräcke
Federal Shipping,Barquisimeto
Speedy Express,London
Federal Shipping,Charleroi
United Package,Lisboa
Federal Shipping,Århus
Speedy Express,Sao Paulo
United Package,Bergamo
Federal Shipping,Brandenburg
Speedy Express,Seattle
United Package,Marseille
Federal Shipping,London
Speedy Express,London
Federal Shipping,Cowes
United Package,México D.F.
Speedy Express,Charleroi
Federal Shipping,San Cristóbal
United Package,Lisboa
Federal Shipping,Lyon
Federal Shipping,Albuquerque
United Package,Lille
United Package,Rio de Janeiro
Federal Shipping,Walla Walla
United Package,Seattle
Federal Shipping,London
United Package,I. de Margarita
United Package,San Cristóbal
United Package,Sao Paulo
United Package,München
United Package,Salzburg
United Package,San Cristóbal
Federal Shipping,Lisboa
Speedy Express,Tsawassen
Federal Shipping,Toulouse
United Package,Sao Paulo
Federal Shipping,Vancouver
United Package,Sao Paulo
Speedy Express,Frankfurt a.M.
United Package,San Cristóbal
United Package,Barquisimeto
Speedy Express,Toulouse
Federal Shipping,Mannheim
Speedy Express,México D.F.
United Package,Cork
Federal Shipping,Seattle
Federal Shipping,Montréal
United Package,Brandenburg
Speedy Express,México D.F.
United Package,Köln
Speedy Express,Mannheim
Federal Shipping,Boise
Federal Shipping,Marseille
United Package,Sao Paulo
Speedy Express,Stuttgart
United Package,Graz
Speedy Express,Cunewalde
Federal Shipping,Cork
Federal Shipping,London
United Package,México D.F.
Federal Shipping,Bern
Speedy Express,Stavern
United Package,Buenos Aires
Speedy Express,Frankfurt a.M.
United Package,London
United Package,Luleå
United Package,Marseille
United Package,Oulu
Speedy Express,Cunewalde
United Package,Eugene
United Package,Bruxelles
United Package,Salzburg
Speedy Express,Buenos Aires
Federal Shipping,London
Speedy Express,Bräcke
United Package,Frankfurt a.M.
Speedy Express,México D.F.
United Package,Frankfurt a.M.
Speedy Express,Genève
Federal Shipping,London
Federal Shipping,London
Federal Shipping,Cunewalde
Speedy Express,Rio de Janeiro
Federal Shipping,Brandenburg
United Package,Barquisimeto
Speedy Express,Portland
United Package,Walla Walla
Federal Shipping,Lyon
United Package,London
United Package,Münster
Speedy Express,Cunewalde
Federal Shipping,Sevilla
Federal Shipping,Lisboa
Speedy Express,San Cristóbal
United Package,Oulu
Federal Shipping,Köln
Federal Shipping,Boise
Speedy Express,Kobenhavn
United Package,Frankfurt a.M.
United Package,Colchester
Speedy Express,Strasbourg
Speedy Express,München
United Package,Bräcke
Speedy Express,Reggio Emilia
United Package,Rio de Janeiro
Federal Shipping,Albuquerque
United Package,Montréal
Speedy Express,Strasbourg
Speedy Express,Cork
Federal Shipping,Barcelona
Speedy Express,Albuquerque
Federal Shipping,Montréal
Federal Shipping,Graz
United Package,Luleå
Federal Shipping,México D.F.
United Package,Kirkland
Speedy Express,Leipzig
Federal Shipping,México D.F.
United Package,Kirkland
Federal Shipping,London
United Package,San Francisco
Federal Shipping,Köln
Speedy Express,Sao Paulo
United Package,Mannheim
United Package,Oulu
Speedy Express,Strasbourg
Speedy Express,Resende
Speedy Express,Reggio Emilia
Speedy Express,Rio de Janeiro
Federal Shipping,Cunewalde
United Package,Eugene
Federal Shipping,Montréal
Speedy Express,Århus
Speedy Express,Frankfurt a.M.
United Package,Frankfurt a.M.
United Package,Anchorage
Speedy Express,Graz
Speedy Express,Seattle
Federal Shipping,Salzburg
Federal Shipping,Albuquerque
Federal Shipping,London
Speedy Express,Elgin
Speedy Express,San Cristóbal
United Package,Århus
United Package,Boise
Speedy Express,Lisboa
United Package,Montréal
Federal Shipping,Sao Paulo
Speedy Express,Boise
United Package,Münster
United Package,Nantes
Speedy Express,Toulouse
United Package,Warszawa
United Package,Boise
United Package,San Cristóbal
Federal Shipping,Mannheim
Federal Shipping,Helsinki
United Package,Eugene
United Package,Eugene
Speedy Express,Montréal
Federal Shipping,Montréal
Federal Shipping,Vancouver
United Package,Cowes
Federal Shipping,Rio de Janeiro
United Package,München
United Package,Butte
Speedy Express,México D.F.
United Package,Luleå
Federal Shipping,Boise
Federal Shipping,Strasbourg
Federal Shipping,Sevilla
United Package,Brandenburg
Speedy Express,Toulouse
Speedy Express,Stuttgart
Federal Shipping,Graz
Federal Shipping,Lille
Federal Shipping,Bergamo
Speedy Express,Oulu
Speedy Express,Sao Paulo
Speedy Express,I. de Margarita
Federal Shipping,Stavern
Speedy Express,Stuttgart
United Package,San Cristóbal
Federal Shipping,Kobenhavn
Speedy Express,Berlin
United Package,Resende
Speedy Express,Rio de Janeiro
Federal Shipping,Cork
United Package,Rio de Janeiro
United Package,Rio de Janeiro
Federal Shipping,Bruxelles
Federal Shipping,Sao Paulo
United Package,Stuttgart
United Package,Campinas
Speedy Express,München
Speedy Express,Luleå
United Package,Reggio Emilia
Speedy Express,Eugene
United Package,Boise
Speedy Express,Cunewalde
United Package,Sao Paulo
Speedy Express,Elgin
Federal Shipping,Cork
United Package,Portland
United Package,Marseille
Federal Shipping,Lisboa
United Package,Portland
United Package,Genève
Speedy Express,Graz
United Package,Stuttgart
Speedy Express,Kobenhavn
Speedy Express,München
Speedy Express,Nantes
United Package,Luleå
Speedy Express,Helsinki
United Package,Cowes
United Package,München
United Package,México D.F.
Federal Shipping,México D.F.
Federal Shipping,Boise
Federal Shipping,Strasbourg
Speedy Express,Anchorage
Federal Shipping,Eugene
United Package,México D.F.
Speedy Express,Nantes
Speedy Express,Köln
United Package,Campinas
Speedy Express,Salzburg
United Package,Cork
United Package,Århus
United Package,Luleå
Speedy Express,Rio de Janeiro
United Package,Cunewalde
United Package,Berlin
Federal Shipping,Seattle
Federal Shipping,Cunewalde
Speedy Express,Helsinki
Federal Shipping,Seattle
Speedy Express,I. de Margarita
Speedy Express,Graz
Federal Shipping,Leipzig
Speedy Express,Boise
Federal Shipping,Cork
Speedy Express,Berlin
United Package,Bräcke
Speedy Express,Sao Paulo
United Package,San Cristóbal
Federal Shipping,Anchorage
Federal Shipping,Colchester
United Package,Portland
Federal Shipping,Campinas
Speedy Express,Torino
United Package,Boise
Speedy Express,Cork
Speedy Express,Boise
Federal Shipping,Boise
Speedy Express,Marseille
United Package,Buenos Aires
United Package,München
Federal Shipping,Brandenburg
United Package,San Francisco
United Package,Rio de Janeiro
Federal Shipping,Cunewalde
Speedy Express,Boise
Speedy Express,Seattle
United Package,Montréal
Federal Shipping,Sao Paulo
Speedy Express,London
Speedy Express,Reggio Emilia
United Package,Sao Paulo
Federal Shipping,I. de Margarita
Speedy Express,Marseille
Speedy Express,Bern
Speedy Express,Marseille
Federal Shipping,Luleå
Federal Shipping,Campinas
United Package,San Francisco
United Package,Cork
United Package,Reims
Speedy Express,Paris
Federal Shipping,Reims
United Package,Seattle
Federal Shipping,Colchester
Federal Shipping,Tsawassen
United Package,Colchester
Speedy Express,Århus
Speedy Express,Cunewalde
Federal Shipping,Bern
Speedy Express,Salzburg
Speedy Express,Boise
United Package,Cowes
Speedy Express,Oulu
Federal Shipping,Genève
Federal Shipping,London
Speedy Express,Torino
Federal Shipping,Bergamo
United Package,Marseille
United Package,Lander
Speedy Express,Boise
Federal Shipping,Genève
Federal Shipping,México D.F.
Speedy Express,Bruxelles
United Package,Albuquerque
Speedy Express,Bräcke
Federal Shipping,Lille
Federal Shipping,Graz
Federal Shipping,Cunewalde
Speedy Express,Köln
Federal Shipping,Charleroi
United Package,Colchester
Speedy Express,Århus
Federal Shipping,Rio de Janeiro
United Package,Graz
United Package,Frankfurt a.M.
Federal Shipping,Graz
Speedy Express,Bräcke
Speedy Express,Butte
Federal Shipping,Graz
United Package,Campinas
Speedy Express,Luleå
United Package,Leipzig
Speedy Express,Barquisimeto
Federal Shipping,Oulu
Federal Shipping,Buenos Aires
United Package,Rio de Janeiro
Federal Shipping,Bergamo
Federal Shipping,Caracas
Speedy Express,Sao Paulo
Speedy Express,Toulouse
United Package,Cunewalde
United Package,Lille
Speedy Express,Campinas
United Package,München
Federal Shipping,Warszawa
Federal Shipping,Colchester
Speedy Express,Rio de Janeiro
United Package,Graz
Speedy Express,San Cristóbal
United Package,Aachen
Speedy Express,Cowes
Federal Shipping,Brandenburg
Federal Shipping,London
United Package,Madrid
United Package,Kobenhavn
Speedy Express,Resende
United Package,London
Federal Shipping,Portland
United Package,Lyon
Speedy Express,Torino
Federal Shipping,Anchorage
Speedy Express,Resende
Federal Shipping,Vancouver
Speedy Express,I. de Margarita
Speedy Express,Reggio Emilia
Speedy Express,Rio de Janeiro
Federal Shipping,Lyon
Federal Shipping,Boise
United Package,Eugene
United Package,Brandenburg
Federal Shipping,Bergamo
Federal Shipping,Buenos Aires
United Package,Albuquerque
Speedy Express,Lander
Federal Shipping,Kirkland
United Package,Barquisimeto
Speedy Express,Bräcke
Speedy Express,Aachen
Speedy Express,Strasbourg
United Package,Marseille
Speedy Express,Buenos Aires
Speedy Express,Cowes
United Package,Sao Paulo
United Package,Stavern
United Package,Toulouse
United Package,Köln
Federal Shipping,Sao Paulo
Federal Shipping,Berlin
Speedy Express,Graz
Federal Shipping,Luleå
Federal Shipping,I. de Margarita
Federal Shipping,Sao Paulo
United Package,I. de Margarita
United Package,Charleroi
Federal Shipping,México D.F.
United Package,Lyon
United Package,Salzburg
Speedy Express,Cunewalde
Federal Shipping,Charleroi
Federal Shipping,Boise
United Package,London
United Package,Brandenburg
Speedy Express,Lyon
Speedy Express,Rio de Janeiro
Speedy Express,Albuquerque
United Package,Mannheim
United Package,Graz
Speedy Express,Anchorage
United Package,México D.F.
United Package,Luleå
Speedy Express,Versailles
United Package,München
Federal Shipping,Nantes
United Package,Seattle
United Package,Frankfurt a.M.
United Package,San Cristóbal
United Package,Colchester
Speedy Express,Cunewalde
Speedy Express,Luleå
Speedy Express,Portland
United Package,Sao Paulo
Speedy Express,London
Federal Shipping,Warszawa
United Package,Marseille
United Package,Sevilla
Speedy Express,Helsinki
United Package,Sevilla
United Package,Luleå
Federal Shipping,Marseille
Speedy Express,Rio de Janeiro
Speedy Express,Cunewalde
Federal Shipping,Helsinki
Speedy Express,Bräcke
Speedy Express,Buenos Aires
Federal Shipping,Boise
Federal Shipping,Portland
United Package,San Francisco
Federal Shipping,Charleroi
Speedy Express,Rio de Janeiro
Federal Shipping,Barcelona
United Package,Sevilla
Federal Shipping,Albuquerque
Speedy Express,Nantes
United Package,Frankfurt a.M.
United Package,Bruxelles
United Package,Brandenburg
Speedy Express,Boise
Speedy Express,Graz
Federal Shipping,Bruxelles
United Package,Cork
United Package,Buenos Aires
Federal Shipping,Barquisimeto
United Package,Resende
Speedy Express,San Cristóbal
Speedy Express,Bräcke
Federal Shipping,Rio de Janeiro
Federal Shipping,Seattle
United Package,Resende
Federal Shipping,Warszawa
Federal Shipping,Paris
United Package,Reggio Emilia
United Package,Stavern
Federal Shipping,Helsinki
Speedy Express,Sevilla
United Package,Cork
Speedy Express,Sao Paulo
Speedy Express,Sao Paulo
United Package,México D.F.
United Package,Buenos Aires
United Package,Madrid
Federal Shipping,Tsawassen
United Package,I. de Margarita
United Package,Colchester
Speedy Express,Århus
Federal Shipping,Rio de Janeiro
Federal Shipping,Toulouse
United Package,Luleå
Speedy Express,Rio de Janeiro
Federal Shipping,México D.F.
Speedy Express,Versailles
Speedy Express,Barcelona
Speedy Express,München
Federal Shipping,Charleroi
United Package,Genève
Speedy Express,Marseille
Federal Shipping,Cowes
Federal Shipping,Frankfurt a.M.
Federal Shipping,Resende
United Package,Eugene
Federal Shipping,Buenos Aires
United Package,Cunewalde
United Package,Bergamo
Federal Shipping,Marseille
United Package,Boise
Federal Shipping,Reggio Emilia
United Package,London
Federal Shipping,Tsawassen
Speedy Express,Leipzig
United Package,Århus
United Package,London
Federal Shipping,Sevilla
Federal Shipping,Tsawassen
United Package,Bergamo
United Package,Genève
Speedy Express,Berlin
United Package,Colchester
Speedy Express,I. de Margarita
United Package,Bräcke
United Package,Mannheim
Federal Shipping,San Cristóbal
United Package,Buenos Aires
United Package,Campinas
Speedy Express,San Cristóbal
Speedy Express,Sao Paulo
United Package,Cunewalde
Federal Shipping,Lisboa
United Package,Paris
Federal Shipping,Anchorage
Speedy Express,Bern
United Package,Münster
Federal Shipping,Graz
United Package,Sao Paulo
Speedy Express,Madrid
United Package,Nantes
United Package,Versailles
United Package,Versailles
Federal Shipping,Lander
Federal Shipping,Tsawassen
Speedy Express,San Cristóbal
Federal Shipping,Bräcke
United Package,Bruxelles
United Package,Graz
Speedy Express,Bräcke
United Package,Rio de Janeiro
Speedy Express,Tsawassen
United Package,Boise
Federal Shipping,Boise
Speedy Express,Cork
United Package,Buenos Aires
Speedy Express,London
United Package,Albuquerque
Speedy Express,Rio de Janeiro
Federal Shipping,Graz
Speedy Express,Cunewalde
Federal Shipping,Portland
Federal Shipping,Bräcke
Federal Shipping,Århus
Federal Shipping,México D.F.
United Package,Cunewalde
United Package,Barquisimeto
United Package,Warszawa
United Package,Köln
Federal Shipping,Albuquerque
United Package,Bräcke
Speedy Express,Boise
Federal Shipping,Butte
Speedy Express,Bruxelles
Speedy Express,Helsinki
United Package,Eugene
United Package,Lisboa
Federal Shipping,Graz
Speedy Express,Sevilla
United Package,Reggio Emilia
Speedy Express,Berlin
Federal Shipping,München
Speedy Express,Madrid
Federal Shipping,I. de Margarita
United Package,Stavern
United Package,Colchester
United Package,Graz
United Package,Portland
Federal Shipping,Buenos Aires
United Package,Köln
Speedy Express,Cunewalde
United Package,Rio de Janeiro
United Package,London
Speedy Express,London
Federal Shipping,Oulu
Speedy Express,Torino
Speedy Express,Tsawassen
Speedy Express,Brandenburg
Speedy Express,Bern
United Package,Boise
United Package,Boise
Federal Shipping,Seattle
Federal Shipping,Genève
Speedy Express,Anchorage
United Package,Charleroi
Federal Shipping,Aachen
Speedy Express,Sevilla
United Package,Charleroi
United Package,I. de Margarita
Federal Shipping,Eugene
United Package,Bern
Speedy Express,Sao Paulo
United Package,Paris
Speedy Express,Warszawa
United Package,Tsawassen
United Package,Stuttgart
Federal Shipping,London
Federal Shipping,Tsawassen
Speedy Express,Campinas
United Package,Bräcke
Federal Shipping,Toulouse
Speedy Express,Rio de Janeiro
United Package,Salzburg
Speedy Express,Buenos Aires
United Package,San Cristóbal
United Package,London
Federal Shipping,London
Federal Shipping,Mannheim
United Package,Rio de Janeiro
United Package,Torino
Federal Shipping,Eugene
United Package,Reggio Emilia
United Package,Cork
Speedy Express,Boise
Speedy Express,Barquisimeto
United Package,Seattle
United Package,Aachen
United Package,Sao Paulo
United Package,México D.F.
Speedy Express,Frankfurt a.M.
Speedy Express,Barquisimeto
United Package,Graz
United Package,México D.F.
United Package,Kobenhavn
United Package,Genève
United Package,Marseille
United Package,Albuquerque
